-- Очистка таблиц (если нужно выполнять повторно)
DELETE FROM purchases;
DELETE FROM books;
DELETE FROM deliveries;
DELETE FROM publishing_house;
DELETE FROM authors;

-- Заполнение таблицы Authors (Авторы)
INSERT INTO authors (code_author, name_author, birthday)
VALUES
    (101, N'Лев Толстой', '1828-09-09'),
    (102, N'Фёдор Достоевский', '1821-11-11'),
    (103, N'Антон Чехов', '1860-01-29'),
    (104, N'Александр Пушкин', '1799-06-06'),
    (105, N'Николай Гоголь', '1809-03-31');

-- Заполнение таблицы Publishing_house (Издательства)
INSERT INTO publishing_house (code_publish, publish, city)
VALUES
    (201, N'АСТ', N'Москва'),
    (202, N'Эксмо', N'Москва'),
    (203, N'Азбука', N'Санкт-Петербург'),
    (204, N'Дрофа', N'Москва'),
    (205, N'Просвещение', N'Санкт-Петербург');

-- Заполнение таблицы Books (Книги)
INSERT INTO books (code_book, title_book, code_author, pages, code_publish)
VALUES
    (301, N'Война и мир', 101, 1225, 201),
    (302, N'Анна Каренина', 101, 864, 202),
    (303, N'Преступление и наказание', 102, 608, 203),
    (304, N'Братья Карамазовы', 102, 840, 201),
    (305, N'Вишнёвый сад', 103, 128, 204),
    (306, N'Чайка', 103, 96, 205),
    (307, N'Евгений Онегин', 104, 288, 202),
    (308, N'Капитанская дочка', 104, 256, 203),
    (309, N'Мёртвые души', 105, 352, 201),
    (310, N'Ревизор', 105, 160, 204);

-- Заполнение таблицы Deliveries (Поставщики)
INSERT INTO deliveries (code_delivery, name_delivery, name_company, address, phone, inn)
VALUES
    (401, N'Книжный мир', N'ООО Книготорг', N'ул. Ленина, 10', N'+79991234567', N'1234567890'),
    (402, N'Литера', N'ИП Иванов', N'пр. Победы, 25', N'+79997654321', N'0987654321'),
    (403, N'Читай-город', N'ООО Буква', N'ул. Пушкина, 15', N'+79995554433', N'1122334455'),
    (404, N'Лабиринт', N'ООО Книжный лабиринт', N'ул. Гагарина, 7', N'+79998887766', N'5566778899'),
    (405, N'Буквоед', N'ИП Петров', N'ул. Советская, 42', N'+79993332211', N'9988776655');

-- Заполнение таблицы Purchases (Покупки)
INSERT INTO purchases (code_purchase, code_book, date_order, code_delivery, type_purchase, cost, amount)
VALUES
    (501, 301, '2023-01-15', 401, 1, 1200.00, 5),
    (502, 303, '2023-01-20', 402, 0, 450.50, 1),
    (503, 305, '2023-02-05', 403, 1, 300.00, 10),
    (504, 302, '2023-02-10', 401, 0, 650.75, 1),
    (505, 307, '2023-02-15', 404, 1, 500.00, 8),
    (506, 309, '2023-03-01', 405, 0, 420.00, 1),
    (507, 304, '2023-03-10', 402, 1, 700.00, 6),
    (508, 306, '2023-03-15', 403, 0, 250.00, 1),
    (509, 308, '2023-04-01', 404, 1, 400.00, 7),
    (510, 310, '2023-04-10', 405, 0, 350.00, 1);
